11/08/2017-Arsenal-Leicester, O_Home:2.31041, D_Home:1.02617, O_Away:1.57043, D_Away:1.20491, Rest Home76, Rest Away82, Win :0.64, Draw :0.2
12/08/2017-Brighton-Man City, O_Home:1.092, D_Home:1.35344, O_Away:2.47495, D_Away:0.81678, Rest Home195, Rest Away83, Win :0.11, Draw :0.19
12/08/2017-Chelsea-Burnley, O_Home:2.38821, D_Home:0.84274, O_Away:1.46096, D_Away:1.19359, Rest Home76, Rest Away82, Win :0.72, Draw :0.18
12/08/2017-Crystal Palace-Huddersfield, O_Home:1.49821, D_Home:1.23855, O_Away:1.08823, D_Away:1.4761, Rest Home82, Rest Away163, Win :0.6, Draw :0.24
12/08/2017-Everton-Stoke, O_Home:1.72097, D_Home:1.10524, O_Away:1.45825, D_Away:1.14792, Rest Home8, Rest Away82, Win :0.51, Draw :0.26
12/08/2017-Southampton-Swansea, O_Home:1.50367, D_Home:1.08257, O_Away:1.44439, D_Away:1.26363, Rest Home82, Rest Away82, Win :0.5, Draw :0.27
12/08/2017-Watford-Liverpool, O_Home:1.31603, D_Home:1.28985, O_Away:2.09566, D_Away:0.93278, Rest Home82, Rest Away82, Win :0.22, Draw :0.24
12/08/2017-West Brom-Bournemouth, O_Home:1.29426, D_Home:1.18772, O_Away:1.54617, D_Away:1.33385, Rest Home82, Rest Away82, Win :0.42, Draw :0.27
13/08/2017-Man United-West Ham, O_Home:2.10711, D_Home:0.70545, O_Away:1.53364, D_Away:1.23168, Rest Home80, Rest Away83, Win :0.71, Draw :0.2
13/08/2017-Newcastle-Tottenham, O_Home:1.2809, D_Home:1.35103, O_Away:2.19595, D_Away:0.84912, Rest Home196, Rest Away83, Win :0.17, Draw :0.22
19/08/2017-Bournemouth-Watford, O_Home:1.50373, D_Home:1.32044, O_Away:1.39012, D_Away:1.3166, Rest Home6, Rest Away7, Win :0.47, Draw :0.26
19/08/2017-Burnley-West Brom, O_Home:1.53378, D_Home:1.17967, O_Away:1.28114, D_Away:1.15254, Rest Home6, Rest Away6, Win :0.49, Draw :0.28
19/08/2017-Leicester-Brighton, O_Home:1.63556, D_Home:1.24459, O_Away:1.05035, D_Away:1.3535, Rest Home7, Rest Away6, Win :0.61, Draw :0.24
19/08/2017-Liverpool-Crystal Palace, O_Home:2.13415, D_Home:0.99162, O_Away:1.4398, D_Away:1.29813, Rest Home3, Rest Away6, Win :0.67, Draw :0.2
19/08/2017-Southampton-West Ham, O_Home:1.49281, D_Home:1.04444, O_Away:1.52159, D_Away:1.26461, Rest Home6, Rest Away5, Win :0.49, Draw :0.27
19/08/2017-Stoke-Arsenal, O_Home:1.422, D_Home:1.12128, O_Away:2.37512, D_Away:1.07456, Rest Home7, Rest Away7, Win :0.27, Draw :0.24
19/08/2017-Swansea-Man United, O_Home:1.3978, D_Home:1.25404, O_Away:2.15625, D_Away:0.69819, Rest Home6, Rest Away5, Win :0.18, Draw :0.24
20/08/2017-Huddersfield-Newcastle, O_Home:1.1428, D_Home:1.41833, O_Away:1.23376, D_Away:1.35098, Rest Home7, Rest Away6, Win :0.4, Draw :0.29
20/08/2017-Tottenham-Chelsea, O_Home:2.19587, D_Home:0.81311, O_Away:2.36474, D_Away:0.89315, Rest Home7, Rest Away7, Win :0.45, Draw :0.25
21/08/2017-Man City-Everton, O_Home:2.47505, D_Home:0.78212, O_Away:1.68533, D_Away:1.07537, Rest Home9, Rest Away3, Win :0.67, Draw :0.2
26/08/2017-Bournemouth-Man City, O_Home:1.44087, D_Home:1.35924, O_Away:2.44116, D_Away:0.78306, Rest Home3, Rest Away4, Win :0.15, Draw :0.2
26/08/2017-Crystal Palace-Swansea, O_Home:1.40934, D_Home:1.27833, O_Away:1.35352, D_Away:1.30104, Rest Home3, Rest Away3, Win :0.46, Draw :0.27
26/08/2017-Huddersfield-Southampton, O_Home:1.11027, D_Home:1.39028, O_Away:1.53792, D_Away:1.08612, Rest Home2, Rest Away2, Win :0.28, Draw :0.29
26/08/2017-Man United-Leicester, O_Home:2.2268, D_Home:0.66984, O_Away:1.63396, D_Away:1.20952, Rest Home7, Rest Away3, Win :0.75, Draw :0.17
26/08/2017-Newcastle-West Ham, O_Home:1.20834, D_Home:1.31444, O_Away:1.57576, D_Away:1.30468, Rest Home2, Rest Away2, Win :0.36, Draw :0.28
26/08/2017-Watford-Brighton, O_Home:1.43036, D_Home:1.25948, O_Away:1.01907, D_Away:1.3521, Rest Home3, Rest Away3, Win :0.56, Draw :0.27
27/08/2017-Chelsea-Everton, O_Home:2.37456, D_Home:0.87122, O_Away:1.68692, D_Away:1.05717, Rest Home6, Rest Away2, Win :0.63, Draw :0.22
27/08/2017-Liverpool-Arsenal, O_Home:2.10538, D_Home:0.96803, O_Away:2.34258, D_Away:1.05785, Rest Home3, Rest Away7, Win :0.44, Draw :0.24
27/08/2017-Tottenham-Burnley, O_Home:2.15411, D_Home:0.8177, O_Away:1.49305, D_Away:1.17686, Rest Home6, Rest Away3, Win :0.67, Draw :0.21
27/08/2017-West Brom-Stoke, O_Home:1.27816, D_Home:1.11928, O_Away:1.4017, D_Away:1.1027, Rest Home4, Rest Away3, Win :0.4, Draw :0.31
09/09/2017-Arsenal-Bournemouth, O_Home:2.27744, D_Home:1.11025, O_Away:1.42282, D_Away:1.35438, Rest Home12, Rest Away14, Win :0.72, Draw :0.17
09/09/2017-Brighton-West Brom, O_Home:1.01645, D_Home:1.28617, O_Away:1.26584, D_Away:1.1357, Rest Home13, Rest Away12, Win :0.34, Draw :0.33
09/09/2017-Everton-Tottenham, O_Home:1.64875, D_Home:1.04918, O_Away:2.14037, D_Away:0.83071, Rest Home12, Rest Away12, Win :0.3, Draw :0.27
09/09/2017-Leicester-Chelsea, O_Home:1.61699, D_Home:1.21935, O_Away:2.36001, D_Away:0.84698, Rest Home13, Rest Away12, Win :0.23, Draw :0.23
09/09/2017-Man City-Liverpool, O_Home:2.43355, D_Home:0.77099, O_Away:2.19197, D_Away:0.93387, Rest Home13, Rest Away12, Win :0.54, Draw :0.24
09/09/2017-Southampton-Watford, O_Home:1.48382, D_Home:1.07201, O_Away:1.36171, D_Away:1.25646, Rest Home13, Rest Away13, Win :0.51, Draw :0.27
09/09/2017-Stoke-Man United, O_Home:1.42091, D_Home:1.09156, O_Away:2.24232, D_Away:0.66037, Rest Home13, Rest Away13, Win :0.19, Draw :0.26
10/09/2017-Burnley-Crystal Palace, O_Home:1.51249, D_Home:1.16809, O_Away:1.36478, D_Away:1.28915, Rest Home13, Rest Away14, Win :0.51, Draw :0.27
10/09/2017-Swansea-Newcastle, O_Home:1.36479, D_Home:1.25895, O_Away:1.26537, D_Away:1.26516, Rest Home14, Rest Away14, Win :0.46, Draw :0.28
11/09/2017-West Ham-Huddersfield, O_Home:1.51957, D_Home:1.36483, O_Away:1.09595, D_Away:1.34001, Rest Home16, Rest Away16, Win :0.54, Draw :0.26
15/09/2017-Bournemouth-Brighton, O_Home:1.38958, D_Home:1.35959, O_Away:1.06001, D_Away:1.2865, Rest Home6, Rest Away6, Win :0.5, Draw :0.28
16/09/2017-Crystal Palace-Southampton, O_Home:1.37141, D_Home:1.24906, O_Away:1.41941, D_Away:1.09709, Rest Home5, Rest Away6, Win :0.39, Draw :0.29
16/09/2017-Huddersfield-Leicester, O_Home:1.06419, D_Home:1.34611, O_Away:1.60615, D_Away:1.2063, Rest Home4, Rest Away6, Win :0.29, Draw :0.28
16/09/2017-Liverpool-Burnley, O_Home:2.15504, D_Home:0.98446, O_Away:1.46753, D_Away:1.17404, Rest Home2, Rest Away5, Win :0.63, Draw :0.22
16/09/2017-Newcastle-Stoke, O_Home:1.27278, D_Home:1.23232, O_Away:1.49392, D_Away:1.11075, Rest Home5, Rest Away6, Win :0.36, Draw :0.3
16/09/2017-Tottenham-Swansea, O_Home:2.23448, D_Home:0.80039, O_Away:1.33014, D_Away:1.26633, Rest Home2, Rest Away5, Win :0.78, Draw :0.16
16/09/2017-Watford-Man City, O_Home:1.39128, D_Home:1.19926, O_Away:2.55828, D_Away:0.71079, Rest Home6, Rest Away2, Win :0.15, Draw :0.21
16/09/2017-West Brom-West Ham, O_Home:1.26616, D_Home:1.18258, O_Away:1.52625, D_Away:1.32788, Rest Home6, Rest Away4, Win :0.42, Draw :0.28
17/09/2017-Chelsea-Arsenal, O_Home:2.43792, D_Home:0.83965, O_Away:2.28518, D_Away:1.08228, Rest Home4, Rest Away2, Win :0.55, Draw :0.22
17/09/2017-Man United-Everton, O_Home:2.29228, D_Home:0.69799, O_Away:1.61645, D_Away:1.08528, Rest Home4, Rest Away2, Win :0.7, Draw :0.2
23/09/2017-Burnley-Huddersfield, O_Home:1.45592, D_Home:1.1666, O_Away:1.0657, D_Away:1.33318, Rest Home3, Rest Away3, Win :0.57, Draw :0.27
23/09/2017-Everton-Bournemouth, O_Home:1.57754, D_Home:1.15134, O_Away:1.40805, D_Away:1.36535, Rest Home2, Rest Away3, Win :0.54, Draw :0.25
23/09/2017-Leicester-Liverpool, O_Home:1.59145, D_Home:1.20794, O_Away:2.14335, D_Away:0.97564, Rest Home3, Rest Away3, Win :0.29, Draw :0.25
23/09/2017-Man City-Crystal Palace, O_Home:2.69043, D_Home:0.68698, O_Away:1.3568, D_Away:1.25206, Rest Home2, Rest Away3, Win :0.86, Draw :0.11
23/09/2017-Southampton-Man United, O_Home:1.4227, D_Home:1.08457, O_Away:2.33787, D_Away:0.69041, Rest Home7, Rest Away2, Win :0.19, Draw :0.25
23/09/2017-Stoke-Chelsea, O_Home:1.48752, D_Home:1.15468, O_Away:2.33639, D_Away:0.81826, Rest Home3, Rest Away2, Win :0.22, Draw :0.24
23/09/2017-Swansea-Watford, O_Home:1.29546, D_Home:1.21983, O_Away:1.3546, D_Away:1.27359, Rest Home3, Rest Away6, Win :0.44, Draw :0.29
23/09/2017-West Ham-Tottenham, O_Home:1.47282, D_Home:1.27357, O_Away:2.16315, D_Away:0.7755, Rest Home3, Rest Away3, Win :0.2, Draw :0.24
24/09/2017-Brighton-Newcastle, O_Home:1.06487, D_Home:1.30398, O_Away:1.321, D_Away:1.22674, Rest Home4, Rest Away7, Win :0.36, Draw :0.31
25/09/2017-Arsenal-West Brom, O_Home:2.24862, D_Home:1.01199, O_Away:1.21364, D_Away:1.138, Rest Home4, Rest Away4, Win :0.68, Draw :0.2
05/05/2018-West Brom-Tottenham, O_Home:1.28037, D_Home:1.22852, O_Away:2.41017, D_Away:0.73254, Rest Home6, Rest Away4, Win :0.15, Draw :0.22
06/05/2018-Arsenal-Burnley, O_Home:2.59975, D_Home:1.09151, O_Away:1.32622, D_Away:0.99336, Rest Home2, Rest Away7, Win :0.65, Draw :0.21
06/05/2018-Chelsea-Liverpool, O_Home:2.2257, D_Home:0.84771, O_Away:2.7637, D_Away:0.7805, Rest Home7, Rest Away3, Win :0.35, Draw :0.25
06/05/2018-Man City-Huddersfield, O_Home:2.96031, D_Home:0.63142, O_Away:0.9795, D_Away:1.25216, Rest Home6, Rest Away7, Win :0.92, Draw :0.07
08/05/2018-Swansea-Southampton, O_Home:1.12716, D_Home:1.26078, O_Away:1.43655, D_Away:1.21969, Rest Home6, Rest Away6, Win :0.35, Draw :0.3
09/05/2018-Chelsea-Huddersfield, O_Home:2.2257, D_Home:0.84771, O_Away:0.9795, D_Away:1.25216, Rest Home6, Rest Away6, Win :0.82, Draw :0.15
09/05/2018-Leicester-Arsenal, O_Home:1.55928, D_Home:1.15319, O_Away:2.59975, D_Away:1.09151, Rest Home6, Rest Away6, Win :0.22, Draw :0.22
09/05/2018-Man City-Brighton, O_Home:2.96031, D_Home:0.63142, O_Away:1.24348, D_Away:1.2259, Rest Home6, Rest Away6, Win :0.88, Draw :0.1
09/05/2018-Tottenham-Newcastle, O_Home:2.41017, D_Home:0.73254, O_Away:1.34667, D_Away:1.12661, Rest Home6, Rest Away6, Win :0.79, Draw :0.16
10/05/2018-West Ham-Man United, O_Home:1.50964, D_Home:1.40458, O_Away:2.05078, D_Away:0.83602, Rest Home6, Rest Away6, Win :0.21, Draw :0.24
13/05/2018-Burnley-Bournemouth, O_Home:1.29503, D_Home:1.04852, O_Away:1.55518, D_Away:1.43404, Rest Home6, Rest Away7, Win :0.48, Draw :0.27
13/05/2018-Crystal Palace-West Brom, O_Home:1.72489, D_Home:1.15492, O_Away:1.29171, D_Away:1.19365, Rest Home8, Rest Away7, Win :0.55, Draw :0.26
13/05/2018-Huddersfield-Arsenal, O_Home:1.0106, D_Home:1.20929, O_Away:2.63118, D_Away:1.09471, Rest Home3, Rest Away3, Win :0.15, Draw :0.21
13/05/2018-Liverpool-Brighton, O_Home:2.69234, D_Home:0.76774, O_Away:1.28068, D_Away:1.1821, Rest Home6, Rest Away3, Win :0.84, Draw :0.12
13/05/2018-Man United-Watford, O_Home:2.05078, D_Home:0.83602, O_Away:1.4283, D_Away:1.24332, Rest Home2, Rest Away7, Win :0.67, Draw :0.21
13/05/2018-Newcastle-Chelsea, O_Home:1.35092, D_Home:1.12744, O_Away:2.22757, D_Away:0.84256, Rest Home3, Rest Away3, Win :0.22, Draw :0.26
13/05/2018-Southampton-Man City, O_Home:1.43788, D_Home:1.14602, O_Away:2.83622, D_Away:0.66088, Rest Home4, Rest Away3, Win :0.13, Draw :0.2
13/05/2018-Swansea-Stoke, O_Home:1.07285, D_Home:1.25716, O_Away:1.22112, D_Away:1.2904, Rest Home4, Rest Away8, Win :0.4, Draw :0.31
13/05/2018-Tottenham-Leicester, O_Home:2.29316, D_Home:0.74232, O_Away:1.54154, D_Away:1.16615, Rest Home3, Rest Away3, Win :0.75, Draw :0.17
13/05/2018-West Ham-Everton, O_Home:1.50964, D_Home:1.40458, O_Away:1.48661, D_Away:1.16186, Rest Home2, Rest Away7, Win :0.39, Draw :0.27
30/09/2017-Bournemouth-Leicester, O_Home:1.40543, D_Home:1.38235, O_Away:1.62688, D_Away:1.23612, Rest Home6, Rest Away6, Win :0.36, Draw :0.26
30/09/2017-Chelsea-Man City, O_Home:2.44652, D_Home:0.7746, O_Away:2.78693, D_Away:0.66309, Rest Home2, Rest Away3, Win :0.36, Draw :0.25
30/09/2017-Huddersfield-Tottenham, O_Home:1.03631, D_Home:1.27081, O_Away:2.23328, D_Away:0.79007, Rest Home6, Rest Away3, Win :0.13, Draw :0.23
30/09/2017-Man United-Crystal Palace, O_Home:2.44573, D_Home:0.67255, O_Away:1.33924, D_Away:1.30865, Rest Home2, Rest Away6, Win :0.84, Draw :0.12
30/09/2017-Stoke-Southampton, O_Home:1.44896, D_Home:1.17885, O_Away:1.40098, D_Away:1.06269, Rest Home6, Rest Away6, Win :0.42, Draw :0.29
30/09/2017-West Brom-Watford, O_Home:1.19402, D_Home:1.14699, O_Away:1.38637, D_Away:1.2672, Rest Home4, Rest Away6, Win :0.42, Draw :0.3
30/09/2017-West Ham-Swansea, O_Home:1.50341, D_Home:1.28439, O_Away:1.289, D_Away:1.24934, Rest Home7, Rest Away6, Win :0.48, Draw :0.27
01/10/2017-Arsenal-Brighton, O_Home:2.26352, D_Home:0.99462, O_Away:1.05807, D_Away:1.29002, Rest Home2, Rest Away6, Win :0.81, Draw :0.14
01/10/2017-Everton-Burnley, O_Home:1.59643, D_Home:1.14907, O_Away:1.38948, D_Away:1.13537, Rest Home2, Rest Away7, Win :0.47, Draw :0.28
01/10/2017-Newcastle-Liverpool, O_Home:1.30691, D_Home:1.21926, O_Away:2.18628, D_Away:0.97442, Rest Home6, Rest Away4, Win :0.23, Draw :0.25
14/10/2017-Burnley-West Ham, O_Home:1.38317, D_Home:1.12359, O_Away:1.47441, D_Away:1.2362, Rest Home12, Rest Away13, Win :0.45, Draw :0.28
14/10/2017-Crystal Palace-Chelsea, O_Home:1.33417, D_Home:1.32996, O_Away:2.36517, D_Away:0.76802, Rest Home13, Rest Away13, Win :0.15, Draw :0.21
14/10/2017-Liverpool-Man United, O_Home:2.17191, D_Home:0.95297, O_Away:2.48008, D_Away:0.66928, Rest Home12, Rest Away13, Win :0.31, Draw :0.26
14/10/2017-Man City-Stoke, O_Home:2.77033, D_Home:0.63019, O_Away:1.49064, D_Away:1.20312, Rest Home13, Rest Away13, Win :0.85, Draw :0.11
14/10/2017-Swansea-Huddersfield, O_Home:1.24069, D_Home:1.22394, O_Away:0.99146, D_Away:1.30122, Rest Home13, Rest Away14, Win :0.51, Draw :0.3
14/10/2017-Tottenham-Bournemouth, O_Home:2.27978, D_Home:0.75219, O_Away:1.37665, D_Away:1.33101, Rest Home14, Rest Away13, Win :0.81, Draw :0.14
14/10/2017-Watford-Arsenal, O_Home:1.43817, D_Home:1.29067, O_Away:2.36526, D_Away:1.01618, Rest Home14, Rest Away13, Win :0.22, Draw :0.23
15/10/2017-Brighton-Everton, O_Home:1.04964, D_Home:1.29074, O_Away:1.56498, D_Away:1.17738, Rest Home13, Rest Away13, Win :0.3, Draw :0.29
15/10/2017-Southampton-Newcastle, O_Home:1.42837, D_Home:1.09631, O_Away:1.28077, D_Away:1.20998, Rest Home14, Rest Away13, Win :0.5, Draw :0.29
16/10/2017-Leicester-West Brom, O_Home:1.56904, D_Home:1.20983, O_Away:1.21654, D_Away:1.19237, Rest Home16, Rest Away16, Win :0.52, Draw :0.27
20/10/2017-West Ham-Brighton, O_Home:1.47159, D_Home:1.22726, O_Away:1.05267, D_Away:1.28831, Rest Home6, Rest Away5, Win :0.55, Draw :0.27
21/10/2017-Chelsea-Watford, O_Home:2.33845, D_Home:0.84429, O_Away:1.46395, D_Away:1.26024, Rest Home2, Rest Away6, Win :0.76, Draw :0.16
21/10/2017-Huddersfield-Man United, O_Home:0.9687, D_Home:1.31284, O_Away:2.34759, D_Away:0.64539, Rest Home6, Rest Away2, Win :0.09, Draw :0.2
21/10/2017-Man City-Burnley, O_Home:2.91113, D_Home:0.66966, O_Away:1.3735, D_Away:1.12125, Rest Home3, Rest Away6, Win :0.85, Draw :0.11
21/10/2017-Newcastle-Crystal Palace, O_Home:1.32354, D_Home:1.2299, O_Away:1.3961, D_Away:1.29222, Rest Home5, Rest Away6, Win :0.44, Draw :0.28
21/10/2017-Southampton-West Brom, O_Home:1.45077, D_Home:1.13476, O_Away:1.20494, D_Away:1.17133, Rest Home5, Rest Away4, Win :0.5, Draw :0.29
21/10/2017-Stoke-Bournemouth, O_Home:1.55033, D_Home:1.27634, O_Away:1.34598, D_Away:1.30393, Rest Home6, Rest Away6, Win :0.5, Draw :0.26
21/10/2017-Swansea-Leicester, O_Home:1.25193, D_Home:1.19774, O_Away:1.54344, D_Away:1.19827, Rest Home6, Rest Away4, Win :0.38, Draw :0.29
22/10/2017-Everton-Arsenal, O_Home:1.56219, D_Home:1.18066, O_Away:2.31704, D_Away:1.03649, Rest Home2, Rest Away2, Win :0.28, Draw :0.25
22/10/2017-Tottenham-Liverpool, O_Home:2.24534, D_Home:0.72529, O_Away:2.32705, D_Away:0.89017, Rest Home4, Rest Away4, Win :0.49, Draw :0.25
28/10/2017-Arsenal-Swansea, O_Home:2.38214, D_Home:1.01067, O_Away:1.23731, D_Away:1.22626, Rest Home3, Rest Away3, Win :0.76, Draw :0.16
28/10/2017-Bournemouth-Chelsea, O_Home:1.36259, D_Home:1.29447, O_Away:2.36116, D_Away:0.90756, Rest Home3, Rest Away2, Win :0.19, Draw :0.22
28/10/2017-Crystal Palace-West Ham, O_Home:1.35863, D_Home:1.26164, O_Away:1.42087, D_Away:1.31276, Rest Home3, Rest Away2, Win :0.44, Draw :0.27
28/10/2017-Liverpool-Huddersfield, O_Home:2.30678, D_Home:0.93209, O_Away:1.04916, D_Away:1.28361, Rest Home5, Rest Away6, Win :0.82, Draw :0.14
28/10/2017-Man United-Tottenham, O_Home:2.3021, D_Home:0.70869, O_Away:2.32679, D_Away:0.71632, Rest Home3, Rest Away2, Win :0.44, Draw :0.27
28/10/2017-Watford-Stoke, O_Home:1.55538, D_Home:1.27446, O_Away:1.53961, D_Away:1.29234, Rest Home7, Rest Away6, Win :0.46, Draw :0.26
28/10/2017-West Brom-Man City, O_Home:1.16915, D_Home:1.17474, O_Away:2.93064, D_Away:0.65654, Rest Home6, Rest Away3, Win :0.09, Draw :0.17
29/10/2017-Brighton-Southampton, O_Home:1.12976, D_Home:1.24219, O_Away:1.45473, D_Away:1.10041, Rest Home8, Rest Away7, Win :0.33, Draw :0.31
29/10/2017-Leicester-Everton, O_Home:1.57761, D_Home:1.18409, O_Away:1.55849, D_Away:1.25185, Rest Home4, Rest Away3, Win :0.47, Draw :0.26
30/10/2017-Burnley-Newcastle, O_Home:1.3528, D_Home:1.13067, O_Away:1.29244, D_Away:1.19563, Rest Home9, Rest Away9, Win :0.47, Draw :0.29
04/11/2017-Huddersfield-West Brom, O_Home:1.01774, D_Home:1.29308, O_Away:1.23023, D_Away:1.18373, Rest Home6, Rest Away6, Win :0.35, Draw :0.32
04/11/2017-Newcastle-Bournemouth, O_Home:1.26612, D_Home:1.18228, O_Away:1.32115, D_Away:1.28717, Rest Home4, Rest Away6, Win :0.45, Draw :0.29
04/11/2017-Southampton-Burnley, O_Home:1.43453, D_Home:1.11121, O_Away:1.33825, D_Away:1.10667, Rest Home5, Rest Away4, Win :0.46, Draw :0.3
04/11/2017-Stoke-Leicester, O_Home:1.51326, D_Home:1.26114, O_Away:1.57326, D_Away:1.15468, Rest Home6, Rest Away5, Win :0.41, Draw :0.27
04/11/2017-Swansea-Brighton, O_Home:1.2462, D_Home:1.22539, O_Away:1.14075, D_Away:1.22413, Rest Home6, Rest Away5, Win :0.46, Draw :0.3
04/11/2017-West Ham-Liverpool, O_Home:1.44103, D_Home:1.34729, O_Away:2.34885, D_Away:0.89857, Rest Home7, Rest Away2, Win :0.19, Draw :0.22
05/11/2017-Chelsea-Man United, O_Home:2.32611, D_Home:0.89123, O_Away:2.27689, D_Away:0.68651, Rest Home4, Rest Away4, Win :0.39, Draw :0.26
05/11/2017-Everton-Watford, O_Home:1.52272, D_Home:1.24818, O_Away:1.51972, D_Away:1.25146, Rest Home2, Rest Away8, Win :0.44, Draw :0.27
05/11/2017-Man City-Arsenal, O_Home:3.02815, D_Home:0.70288, O_Away:2.3807, D_Away:1.01843, Rest Home3, Rest Away2, Win :0.67, Draw :0.18
05/11/2017-Tottenham-Crystal Palace, O_Home:2.33319, D_Home:0.70062, O_Away:1.39402, D_Away:1.28016, Rest Home3, Rest Away7, Win :0.81, Draw :0.14
18/11/2017-Arsenal-Tottenham, O_Home:2.25404, D_Home:0.99511, O_Away:2.27086, D_Away:0.69534, Rest Home12, Rest Away12, Win :0.35, Draw :0.26
18/11/2017-Bournemouth-Huddersfield, O_Home:1.33922, D_Home:1.24338, O_Away:0.99446, D_Away:1.25783, Rest Home13, Rest Away13, Win :0.52, Draw :0.29
18/11/2017-Burnley-Swansea, O_Home:1.32459, D_Home:1.07122, O_Away:1.21845, D_Away:1.22492, Rest Home13, Rest Away13, Win :0.5, Draw :0.3
18/11/2017-Crystal Palace-Everton, O_Home:1.3858, D_Home:1.24061, O_Away:1.53575, D_Away:1.27453, Rest Home13, Rest Away12, Win :0.42, Draw :0.27
18/11/2017-Leicester-Man City, O_Home:1.59279, D_Home:1.1689, O_Away:3.01913, D_Away:0.69124, Rest Home14, Rest Away12, Win :0.13, Draw :0.18
18/11/2017-Liverpool-Southampton, O_Home:2.39211, D_Home:0.89631, O_Away:1.39205, D_Away:1.09918, Rest Home13, Rest Away13, Win :0.69, Draw :0.2
18/11/2017-Man United-Newcastle, O_Home:2.22021, D_Home:0.68552, O_Away:1.22284, D_Away:1.19901, Rest Home12, Rest Away14, Win :0.81, Draw :0.15
18/11/2017-West Brom-Chelsea, O_Home:1.19618, D_Home:1.15798, O_Away:2.3238, D_Away:0.86236, Rest Home13, Rest Away12, Win :0.18, Draw :0.24
19/11/2017-Watford-West Ham, O_Home:1.55626, D_Home:1.29719, O_Away:1.43791, D_Away:1.37559, Rest Home13, Rest Away14, Win :0.49, Draw :0.25
20/11/2017-Brighton-Stoke, O_Home:1.1403, D_Home:1.19673, O_Away:1.53048, D_Away:1.2778, Rest Home16, Rest Away16, Win :0.37, Draw :0.29
24/11/2017-West Ham-Leicester, O_Home:1.41481, D_Home:1.37577, O_Away:1.52212, D_Away:1.15702, Rest Home5, Rest Away6, Win :0.37, Draw :0.27
25/11/2017-Crystal Palace-Stoke, O_Home:1.41485, D_Home:1.25916, O_Away:1.56152, D_Away:1.29124, Rest Home6, Rest Away4, Win :0.42, Draw :0.27
25/11/2017-Liverpool-Chelsea, O_Home:2.46637, D_Home:0.90427, O_Away:2.46257, D_Away:0.8201, Rest Home3, Rest Away2, Win :0.43, Draw :0.24
25/11/2017-Man United-Brighton, O_Home:2.25019, D_Home:0.71561, O_Away:1.15273, D_Away:1.22278, Rest Home2, Rest Away4, Win :0.82, Draw :0.14
25/11/2017-Newcastle-Watford, O_Home:1.27738, D_Home:1.24372, O_Away:1.55646, D_Away:1.27572, Rest Home6, Rest Away5, Win :0.39, Draw :0.28
25/11/2017-Swansea-Bournemouth, O_Home:1.19317, D_Home:1.24874, O_Away:1.40251, D_Away:1.25481, Rest Home6, Rest Away6, Win :0.39, Draw :0.29
25/11/2017-Tottenham-West Brom, O_Home:2.23837, D_Home:0.69826, O_Away:1.16159, D_Away:1.19457, Rest Home3, Rest Away6, Win :0.82, Draw :0.15
26/11/2017-Burnley-Arsenal, O_Home:1.34975, D_Home:1.04804, O_Away:2.30059, D_Away:0.96467, Rest Home7, Rest Away2, Win :0.25, Draw :0.26
26/11/2017-Huddersfield-Man City, O_Home:1.00429, D_Home:1.31839, O_Away:2.9103, D_Away:0.64574, Rest Home7, Rest Away4, Win :0.06, Draw :0.14
26/11/2017-Southampton-Everton, O_Home:1.36661, D_Home:1.11273, O_Away:1.55736, D_Away:1.30191, Rest Home7, Rest Away2, Win :0.47, Draw :0.27
28/11/2017-Brighton-Crystal Palace, O_Home:1.15273, D_Home:1.22278, O_Away:1.41485, D_Away:1.25916, Rest Home3, Rest Away3, Win :0.39, Draw :0.3
28/11/2017-Leicester-Tottenham, O_Home:1.52212, D_Home:1.15702, O_Away:2.23837, D_Away:0.69826, Rest Home3, Rest Away3, Win :0.21, Draw :0.25
28/11/2017-Watford-Man United, O_Home:1.55646, D_Home:1.27572, O_Away:2.25019, D_Away:0.71561, Rest Home3, Rest Away3, Win :0.21, Draw :0.24
28/11/2017-West Brom-Newcastle, O_Home:1.16159, D_Home:1.19457, O_Away:1.27738, D_Away:1.24372, Rest Home3, Rest Away3, Win :0.45, Draw :0.3
29/11/2017-Arsenal-Huddersfield, O_Home:2.30059, D_Home:0.96467, O_Away:1.00429, D_Away:1.31839, Rest Home3, Rest Away3, Win :0.83, Draw :0.14
29/11/2017-Bournemouth-Burnley, O_Home:1.40251, D_Home:1.25481, O_Away:1.34975, D_Away:1.04804, Rest Home4, Rest Away3, Win :0.41, Draw :0.31
29/11/2017-Chelsea-Swansea, O_Home:2.46257, D_Home:0.8201, O_Away:1.19317, D_Away:1.24874, Rest Home4, Rest Away4, Win :0.83, Draw :0.14
29/11/2017-Everton-West Ham, O_Home:1.55736, D_Home:1.30191, O_Away:1.41481, D_Away:1.37577, Rest Home3, Rest Away4, Win :0.45, Draw :0.26
29/11/2017-Man City-Southampton, O_Home:2.9103, D_Home:0.64574, O_Away:1.36661, D_Away:1.11273, Rest Home3, Rest Away3, Win :0.84, Draw :0.12
29/11/2017-Stoke-Liverpool, O_Home:1.56152, D_Home:1.29124, O_Away:2.46637, D_Away:0.90427, Rest Home4, Rest Away4, Win :0.2, Draw :0.22
02/12/2017-Arsenal-Man United, O_Home:2.35644, D_Home:0.89018, O_Away:2.24954, D_Away:0.75146, Rest Home2, Rest Away3, Win :0.42, Draw :0.26
02/12/2017-Brighton-Liverpool, O_Home:1.10905, D_Home:1.15839, O_Away:2.45563, D_Away:0.86081, Rest Home3, Rest Away2, Win :0.15, Draw :0.23
02/12/2017-Chelsea-Newcastle, O_Home:2.38981, D_Home:0.78957, O_Away:1.2912, D_Away:1.30926, Rest Home2, Rest Away3, Win :0.82, Draw :0.13
02/12/2017-Everton-Huddersfield, O_Home:1.56545, D_Home:1.39886, O_Away:1.00946, D_Away:1.37019, Rest Home2, Rest Away2, Win :0.57, Draw :0.25
02/12/2017-Leicester-Burnley, O_Home:1.5249, D_Home:1.14748, O_Away:1.32717, D_Away:1.04293, Rest Home3, Rest Away2, Win :0.45, Draw :0.29
02/12/2017-Stoke-Swansea, O_Home:1.49977, D_Home:1.31284, O_Away:1.1292, D_Away:1.18332, Rest Home2, Rest Away2, Win :0.5, Draw :0.28
02/12/2017-Watford-Tottenham, O_Home:1.67367, D_Home:1.27181, O_Away:2.22207, D_Away:0.73782, Rest Home3, Rest Away3, Win :0.22, Draw :0.24
02/12/2017-West Brom-Crystal Palace, O_Home:1.2001, D_Home:1.2251, O_Away:1.38457, D_Away:1.19378, Rest Home3, Rest Away3, Win :0.39, Draw :0.3
03/12/2017-Bournemouth-Southampton, O_Home:1.3584, D_Home:1.24208, O_Away:1.50152, D_Away:1.08503, Rest Home3, Rest Away3, Win :0.37, Draw :0.29
03/12/2017-Man City-West Ham, O_Home:2.87219, D_Home:0.69518, O_Away:1.36983, D_Away:1.40153, Rest Home3, Rest Away3, Win :0.89, Draw :0.08
09/12/2017-Burnley-Watford, O_Home:1.31625, D_Home:1.03201, O_Away:1.65925, D_Away:1.23791, Rest Home6, Rest Away6, Win :0.42, Draw :0.29
09/12/2017-Crystal Palace-Bournemouth, O_Home:1.35874, D_Home:1.18257, O_Away:1.34966, D_Away:1.24463, Rest Home6, Rest Away5, Win :0.46, Draw :0.29
09/12/2017-Huddersfield-Brighton, O_Home:0.97805, D_Home:1.3591, O_Away:1.1278, D_Away:1.2031, Rest Home6, Rest Away6, Win :0.36, Draw :0.33
09/12/2017-Newcastle-Leicester, O_Home:1.30573, D_Home:1.33513, O_Away:1.51067, D_Away:1.13761, Rest Home7, Rest Away7, Win :0.35, Draw :0.28
09/12/2017-Swansea-West Brom, O_Home:1.12004, D_Home:1.19386, O_Away:1.18884, D_Away:1.2014, Rest Home6, Rest Away6, Win :0.42, Draw :0.32
09/12/2017-Tottenham-Stoke, O_Home:2.20747, D_Home:0.73459, O_Away:1.51224, D_Away:1.30268, Rest Home2, Rest Away6, Win :0.77, Draw :0.16
09/12/2017-West Ham-Chelsea, O_Home:1.38725, D_Home:1.38608, O_Away:2.45642, D_Away:0.80068, Rest Home5, Rest Away3, Win :0.15, Draw :0.2
10/12/2017-Liverpool-Everton, O_Home:2.67402, D_Home:0.86082, O_Away:1.55323, D_Away:1.35958, Rest Home3, Rest Away2, Win :0.8, Draw :0.13
10/12/2017-Man United-Man City, O_Home:2.34289, D_Home:0.82481, O_Away:2.82982, D_Away:0.71583, Rest Home4, Rest Away3, Win :0.34, Draw :0.25
10/12/2017-Southampton-Arsenal, O_Home:1.50444, D_Home:1.07754, O_Away:2.49759, D_Away:0.92378, Rest Home6, Rest Away2, Win :0.23, Draw :0.23
12/12/2017-Burnley-Stoke, O_Home:1.31625, D_Home:1.03201, O_Away:1.51224, D_Away:1.30268, Rest Home3, Rest Away3, Win :0.47, Draw :0.28
12/12/2017-Crystal Palace-Watford, O_Home:1.35874, D_Home:1.18257, O_Away:1.65925, D_Away:1.23791, Rest Home3, Rest Away3, Win :0.4, Draw :0.27
12/12/2017-Huddersfield-Chelsea, O_Home:0.97805, D_Home:1.3591, O_Away:2.45642, D_Away:0.80068, Rest Home3, Rest Away3, Win :0.11, Draw :0.2
13/12/2017-Liverpool-West Brom, O_Home:2.67402, D_Home:0.86082, O_Away:1.18884, D_Away:1.2014, Rest Home3, Rest Away4, Win :0.83, Draw :0.13
13/12/2017-Man United-Bournemouth, O_Home:2.34289, D_Home:0.82481, O_Away:1.34966, D_Away:1.24463, Rest Home3, Rest Away4, Win :0.79, Draw :0.15
13/12/2017-Newcastle-Everton, O_Home:1.30573, D_Home:1.33513, O_Away:1.55323, D_Away:1.35958, Rest Home4, Rest Away3, Win :0.38, Draw :0.27
13/12/2017-Southampton-Leicester, O_Home:1.50444, D_Home:1.07754, O_Away:1.51067, D_Away:1.13761, Rest Home3, Rest Away4, Win :0.45, Draw :0.28
13/12/2017-Swansea-Man City, O_Home:1.12004, D_Home:1.19386, O_Away:2.82982, D_Away:0.71583, Rest Home4, Rest Away3, Win :0.1, Draw :0.18
13/12/2017-Tottenham-Brighton, O_Home:2.20747, D_Home:0.73459, O_Away:1.1278, D_Away:1.2031, Rest Home4, Rest Away4, Win :0.84, Draw :0.13
13/12/2017-West Ham-Arsenal, O_Home:1.38725, D_Home:1.38608, O_Away:2.49759, D_Away:0.92378, Rest Home4, Rest Away3, Win :0.16, Draw :0.19
16/12/2017-Arsenal-Newcastle, O_Home:2.54763, D_Home:0.87584, O_Away:1.27096, D_Away:1.35024, Rest Home2, Rest Away2, Win :0.83, Draw :0.12
16/12/2017-Brighton-Burnley, O_Home:1.08367, D_Home:1.24488, O_Away:1.26569, D_Away:0.99849, Rest Home2, Rest Away3, Win :0.33, Draw :0.34
16/12/2017-Chelsea-Southampton, O_Home:2.40455, D_Home:0.7904, O_Away:1.47749, D_Away:1.15358, Rest Home3, Rest Away2, Win :0.76, Draw :0.17
16/12/2017-Leicester-Crystal Palace, O_Home:1.6482, D_Home:1.13789, O_Away:1.43339, D_Away:1.20416, Rest Home2, Rest Away3, Win :0.51, Draw :0.26
16/12/2017-Man City-Tottenham, O_Home:2.91418, D_Home:0.67507, O_Away:2.2658, D_Away:0.74307, Rest Home2, Rest Away2, Win :0.57, Draw :0.23
16/12/2017-Stoke-West Ham, O_Home:1.51277, D_Home:1.32948, O_Away:1.32057, D_Away:1.31265, Rest Home3, Rest Away2, Win :0.49, Draw :0.26
16/12/2017-Watford-Huddersfield, O_Home:1.61829, D_Home:1.21672, O_Away:1.0305, D_Away:1.32333, Rest Home3, Rest Away3, Win :0.61, Draw :0.25
17/12/2017-Bournemouth-Liverpool, O_Home:1.37721, D_Home:1.27346, O_Away:2.53504, D_Away:0.84179, Rest Home3, Rest Away3, Win :0.16, Draw :0.21
17/12/2017-West Brom-Man United, O_Home:1.13519, D_Home:1.14543, O_Away:2.25106, D_Away:0.82864, Rest Home3, Rest Away3, Win :0.17, Draw :0.25
18/12/2017-Everton-Swansea, O_Home:1.56122, D_Home:1.26263, O_Away:1.07684, D_Away:1.18839, Rest Home4, Rest Away4, Win :0.53, Draw :0.27
22/12/2017-Arsenal-Liverpool, O_Home:2.51472, D_Home:0.85891, O_Away:2.60725, D_Away:0.80868, Rest Home2, Rest Away5, Win :0.42, Draw :0.24
23/12/2017-Brighton-Watford, O_Home:1.0666, D_Home:1.22633, O_Away:1.57786, D_Away:1.34111, Rest Home6, Rest Away6, Win :0.35, Draw :0.29
23/12/2017-Burnley-Tottenham, O_Home:1.24693, D_Home:0.98231, O_Away:2.23786, D_Away:0.77968, Rest Home7, Rest Away6, Win :0.21, Draw :0.28
23/12/2017-Everton-Chelsea, O_Home:1.60126, D_Home:1.26251, O_Away:2.36739, D_Away:0.77536, Rest Home4, Rest Away2, Win :0.2, Draw :0.23
23/12/2017-Leicester-Man United, O_Home:1.59049, D_Home:1.19968, O_Away:2.23178, D_Away:0.83987, Rest Home3, Rest Away2, Win :0.24, Draw :0.25
23/12/2017-Man City-Bournemouth, O_Home:3.01236, D_Home:0.66293, O_Away:1.33134, D_Away:1.31611, Rest Home3, Rest Away2, Win :0.9, Draw :0.08
23/12/2017-Southampton-Huddersfield, O_Home:1.45473, D_Home:1.13217, O_Away:1.14176, D_Away:1.28841, Rest Home6, Rest Away6, Win :0.55, Draw :0.27
23/12/2017-Stoke-West Brom, O_Home:1.47107, D_Home:1.39836, O_Away:1.14892, D_Away:1.13377, Rest Home6, Rest Away5, Win :0.45, Draw :0.29
23/12/2017-Swansea-Crystal Palace, O_Home:1.07674, D_Home:1.22135, O_Away:1.50602, D_Away:1.15812, Rest Home4, Rest Away7, Win :0.32, Draw :0.3
23/12/2017-West Ham-Newcastle, O_Home:1.38912, D_Home:1.275, O_Away:1.24934, D_Away:1.33007, Rest Home3, Rest Away6, Win :0.49, Draw :0.27
26/12/2017-Bournemouth-West Ham, O_Home:1.33134, D_Home:1.31611, O_Away:1.38912, D_Away:1.275, Rest Home2, Rest Away2, Win :0.43, Draw :0.28
26/12/2017-Chelsea-Brighton, O_Home:2.36739, D_Home:0.77536, O_Away:1.0666, D_Away:1.22633, Rest Home3, Rest Away2, Win :0.83, Draw :0.14
26/12/2017-Huddersfield-Stoke, O_Home:1.14176, D_Home:1.28841, O_Away:1.47107, D_Away:1.39836, Rest Home2, Rest Away2, Win :0.4, Draw :0.28
26/12/2017-Liverpool-Swansea, O_Home:2.60725, D_Home:0.80868, O_Away:1.07674, D_Away:1.22135, Rest Home3, Rest Away3, Win :0.86, Draw :0.11
26/12/2017-Man United-Burnley, O_Home:2.23178, D_Home:0.83987, O_Away:1.24693, D_Away:0.98231, Rest Home2, Rest Away2, Win :0.69, Draw :0.21
26/12/2017-Tottenham-Southampton, O_Home:2.23786, D_Home:0.77968, O_Away:1.45473, D_Away:1.13217, Rest Home2, Rest Away2, Win :0.76, Draw :0.17
26/12/2017-Watford-Leicester, O_Home:1.57786, D_Home:1.34111, O_Away:1.59049, D_Away:1.19968, Rest Home2, Rest Away2, Win :0.39, Draw :0.26
26/12/2017-West Brom-Everton, O_Home:1.14892, D_Home:1.13377, O_Away:1.60126, D_Away:1.26251, Rest Home2, Rest Away3, Win :0.38, Draw :0.29
27/12/2017-Newcastle-Man City, O_Home:1.24934, D_Home:1.33007, O_Away:3.01236, D_Away:0.66293, Rest Home4, Rest Away4, Win :0.08, Draw :0.14
28/12/2017-Crystal Palace-Arsenal, O_Home:1.5158, D_Home:1.14667, O_Away:2.55283, D_Away:0.89308, Rest Home5, Rest Away5, Win :0.22, Draw :0.23
30/12/2017-Bournemouth-Everton, O_Home:1.39403, D_Home:1.36325, O_Away:1.4883, D_Away:1.20558, Rest Home3, Rest Away3, Win :0.39, Draw :0.27
30/12/2017-Chelsea-Stoke, O_Home:2.34135, D_Home:0.73422, O_Away:1.50636, D_Away:1.42788, Rest Home3, Rest Away3, Win :0.82, Draw :0.13
30/12/2017-Huddersfield-Burnley, O_Home:1.15119, D_Home:1.28135, O_Away:1.2648, D_Away:1.04108, Rest Home3, Rest Away3, Win :0.35, Draw :0.32
30/12/2017-Liverpool-Leicester, O_Home:2.75033, D_Home:0.82291, O_Away:1.62148, D_Away:1.21515, Rest Home3, Rest Away3, Win :0.79, Draw :0.14
30/12/2017-Man United-Southampton, O_Home:2.2705, D_Home:0.91292, O_Away:1.51696, D_Away:1.20834, Rest Home4, Rest Away4, Win :0.67, Draw :0.2
30/12/2017-Newcastle-Brighton, O_Home:1.25929, D_Home:1.3326, O_Away:1.076, D_Away:1.20166, Rest Home2, Rest Away3, Win :0.45, Draw :0.3
30/12/2017-Watford-Swansea, O_Home:1.5453, D_Home:1.34893, O_Away:1.06272, D_Away:1.26632, Rest Home3, Rest Away3, Win :0.54, Draw :0.27
31/12/2017-Crystal Palace-Man City, O_Home:1.5158, D_Home:1.14667, O_Away:2.94273, D_Away:0.61619, Rest Home2, Rest Away3, Win :0.12, Draw :0.18
31/12/2017-West Brom-Arsenal, O_Home:1.15182, D_Home:1.12403, O_Away:2.55283, D_Away:0.89308, Rest Home4, Rest Away2, Win :0.16, Draw :0.22
01/01/2018-Brighton-Bournemouth, O_Home:1.076, D_Home:1.20166, O_Away:1.39403, D_Away:1.36325, Rest Home1, Rest Away1, Win :0.39, Draw :0.3
01/01/2018-Burnley-Liverpool, O_Home:1.2648, D_Home:1.04108, O_Away:2.75033, D_Away:0.82291, Rest Home1, Rest Away1, Win :0.17, Draw :0.23
01/01/2018-Everton-Man United, O_Home:1.4883, D_Home:1.20558, O_Away:2.2705, D_Away:0.91292, Rest Home2, Rest Away1, Win :0.23, Draw :0.24
01/01/2018-Leicester-Huddersfield, O_Home:1.62148, D_Home:1.21515, O_Away:1.15119, D_Away:1.28135, Rest Home1, Rest Away1, Win :0.58, Draw :0.25
01/01/2018-Stoke-Newcastle, O_Home:1.50636, D_Home:1.42788, O_Away:1.25929, D_Away:1.3326, Rest Home1, Rest Away1, Win :0.47, Draw :0.27
02/01/2018-Man City-Watford, O_Home:2.94273, D_Home:0.61619, O_Away:1.5453, D_Away:1.34893, Rest Home2, Rest Away3, Win :0.89, Draw :0.08
02/01/2018-Southampton-Crystal Palace, O_Home:1.51696, D_Home:1.20834, O_Away:1.5158, D_Away:1.14667, Rest Home3, Rest Away2, Win :0.42, Draw :0.28
02/01/2018-Swansea-Tottenham, O_Home:1.06272, D_Home:1.26632, O_Away:2.41972, D_Away:0.79282, Rest Home3, Rest Away7, Win :0.13, Draw :0.21
02/01/2018-West Ham-West Brom, O_Home:1.48044, D_Home:1.4223, O_Away:1.15182, D_Away:1.12403, Rest Home7, Rest Away2, Win :0.44, Draw :0.29
03/01/2018-Arsenal-Chelsea, O_Home:2.55283, D_Home:0.89308, O_Away:2.34135, D_Away:0.73422, Rest Home3, Rest Away4, Win :0.4, Draw :0.25
04/01/2018-Tottenham-West Ham, O_Home:2.40384, D_Home:0.76357, O_Away:1.50358, D_Away:1.40915, Rest Home1, Rest Away1, Win :0.82, Draw :0.13
13/01/2018-Chelsea-Leicester, O_Home:2.43941, D_Home:0.72097, O_Away:1.65531, D_Away:1.16915, Rest Home2, Rest Away7, Win :0.76, Draw :0.17
13/01/2018-Crystal Palace-Burnley, O_Home:1.5677, D_Home:1.10508, O_Away:1.26571, D_Away:0.99309, Rest Home4, Rest Away6, Win :0.47, Draw :0.3
13/01/2018-Huddersfield-West Ham, O_Home:1.06475, D_Home:1.2817, O_Away:1.51301, D_Away:1.37736, Rest Home6, Rest Away5, Win :0.36, Draw :0.29
13/01/2018-Newcastle-Swansea, O_Home:1.22439, D_Home:1.26224, O_Away:1.06283, D_Away:1.23676, Rest Home6, Rest Away6, Win :0.47, Draw :0.31
13/01/2018-Tottenham-Everton, O_Home:2.35588, D_Home:0.76961, O_Away:1.44091, D_Away:1.23235, Rest Home6, Rest Away7, Win :0.78, Draw :0.16
13/01/2018-Watford-Southampton, O_Home:1.55909, D_Home:1.38152, O_Away:1.46108, D_Away:1.19594, Rest Home6, Rest Away6, Win :0.42, Draw :0.26
13/01/2018-West Brom-Brighton, O_Home:1.15727, D_Home:1.1246, O_Away:1.09262, D_Away:1.20276, Rest Home6, Rest Away4, Win :0.46, Draw :0.32
14/01/2018-Bournemouth-Arsenal, O_Home:1.48193, D_Home:1.39122, O_Away:2.59536, D_Away:0.95805, Rest Home7, Rest Away3, Win :0.17, Draw :0.19
14/01/2018-Liverpool-Man City, O_Home:2.73424, D_Home:0.84471, O_Away:2.83645, D_Away:0.62552, Rest Home8, Rest Away4, Win :0.36, Draw :0.24
15/01/2018-Man United-Stoke, O_Home:2.19455, D_Home:0.87352, O_Away:1.4176, D_Away:1.47265, Rest Home9, Rest Away9, Win :0.79, Draw :0.14
20/01/2018-Arsenal-Crystal Palace, O_Home:2.52904, D_Home:0.97884, O_Away:1.5612, D_Away:1.09904, Rest Home5, Rest Away6, Win :0.66, Draw :0.2
20/01/2018-Brighton-Chelsea, O_Home:1.08121, D_Home:1.23292, O_Away:2.34412, D_Away:0.72195, Rest Home6, Rest Away2, Win :0.12, Draw :0.22
20/01/2018-Burnley-Man United, O_Home:1.25907, D_Home:0.98835, O_Away:2.19334, D_Away:0.8753, Rest Home6, Rest Away4, Win :0.24, Draw :0.28
20/01/2018-Everton-West Brom, O_Home:1.41484, D_Home:1.27127, O_Away:1.18665, D_Away:1.11297, Rest Home6, Rest Away6, Win :0.45, Draw :0.3
20/01/2018-Leicester-Watford, O_Home:1.65702, D_Home:1.11438, O_Away:1.59519, D_Away:1.39229, Rest Home3, Rest Away6, Win :0.53, Draw :0.24
20/01/2018-Man City-Newcastle, O_Home:2.86557, D_Home:0.65295, O_Away:1.22077, D_Away:1.28094, Rest Home5, Rest Away7, Win :0.9, Draw :0.08
20/01/2018-Stoke-Huddersfield, O_Home:1.42005, D_Home:1.47176, O_Away:1.04794, D_Away:1.33763, Rest Home4, Rest Away6, Win :0.5, Draw :0.27
20/01/2018-West Ham-Bournemouth, O_Home:1.57602, D_Home:1.35728, O_Away:1.50994, D_Away:1.35031, Rest Home3, Rest Away2, Win :0.46, Draw :0.25
21/01/2018-Southampton-Tottenham, O_Home:1.4723, D_Home:1.22581, O_Away:2.41938, D_Away:0.75234, Rest Home7, Rest Away7, Win :0.18, Draw :0.22
22/01/2018-Swansea-Liverpool, O_Home:1.07947, D_Home:1.23312, O_Away:2.81098, D_Away:0.85669, Rest Home4, Rest Away8, Win :0.11, Draw :0.18
30/01/2018-Huddersfield-Liverpool, O_Home:1.01163, D_Home:1.33697, O_Away:2.75643, D_Away:0.84788, Rest Home3, Rest Away2, Win :0.09, Draw :0.16
30/01/2018-Swansea-Arsenal, O_Home:1.06926, D_Home:1.2042, O_Away:2.61757, D_Away:0.98345, Rest Home3, Rest Away5, Win :0.15, Draw :0.21
30/01/2018-West Ham-Crystal Palace, O_Home:1.54344, D_Home:1.3333, O_Away:1.56757, D_Away:1.14642, Rest Home3, Rest Away10, Win :0.39, Draw :0.27
31/01/2018-Chelsea-Bournemouth, O_Home:2.3781, D_Home:0.72041, O_Away:1.48404, D_Away:1.32119, Rest Home3, Rest Away11, Win :0.81, Draw :0.14
31/01/2018-Everton-Leicester, O_Home:1.40763, D_Home:1.28245, O_Away:1.64329, D_Away:1.08594, Rest Home11, Rest Away4, Win :0.35, Draw :0.28
31/01/2018-Man City-West Brom, O_Home:2.87991, D_Home:0.6794, O_Away:1.19731, D_Away:1.10686, Rest Home3, Rest Away3, Win :0.87, Draw :0.11
31/01/2018-Newcastle-Burnley, O_Home:1.25974, D_Home:1.28862, O_Away:1.23686, D_Away:0.97302, Rest Home3, Rest Away11, Win :0.36, Draw :0.32
31/01/2018-Southampton-Brighton, O_Home:1.4696, D_Home:1.20948, O_Away:1.07923, D_Away:1.25384, Rest Home4, Rest Away4, Win :0.54, Draw :0.28
31/01/2018-Stoke-Watford, O_Home:1.41936, D_Home:1.42582, O_Away:1.55851, D_Away:1.38021, Rest Home11, Rest Away4, Win :0.41, Draw :0.26
31/01/2018-Tottenham-Man United, O_Home:2.39205, D_Home:0.7506, O_Away:2.16598, D_Away:0.85781, Rest Home4, Rest Away4, Win :0.52, Draw :0.25
03/02/2018-Arsenal-Everton, O_Home:2.58132, D_Home:1.05957, O_Away:1.43593, D_Away:1.28401, Rest Home3, Rest Away2, Win :0.76, Draw :0.15
03/02/2018-Bournemouth-Stoke, O_Home:1.58906, D_Home:1.26881, O_Away:1.36329, D_Away:1.38996, Rest Home2, Rest Away2, Win :0.53, Draw :0.25
03/02/2018-Brighton-West Ham, O_Home:1.08679, D_Home:1.24352, O_Away:1.52588, D_Away:1.3191, Rest Home2, Rest Away3, Win :0.36, Draw :0.29
03/02/2018-Burnley-Man City, O_Home:1.24442, D_Home:0.99867, O_Away:2.87991, D_Away:0.6794, Rest Home2, Rest Away2, Win :0.13, Draw :0.21
03/02/2018-Leicester-Swansea, O_Home:1.64516, D_Home:1.10958, O_Away:1.14965, D_Away:1.18413, Rest Home2, Rest Away3, Win :0.57, Draw :0.26
03/02/2018-Man United-Huddersfield, O_Home:2.1085, D_Home:0.86178, O_Away:0.97319, D_Away:1.33524, Rest Home2, Rest Away3, Win :0.83, Draw :0.14
03/02/2018-West Brom-Southampton, O_Home:1.19731, D_Home:1.10686, O_Away:1.45804, D_Away:1.21765, Rest Home2, Rest Away2, Win :0.4, Draw :0.3
04/02/2018-Crystal Palace-Newcastle, O_Home:1.55159, D_Home:1.1322, O_Away:1.29023, D_Away:1.2964, Rest Home4, Rest Away3, Win :0.54, Draw :0.26
04/02/2018-Liverpool-Tottenham, O_Home:2.7534, D_Home:0.81347, O_Away:2.40036, D_Away:0.7231, Rest Home4, Rest Away3, Win :0.47, Draw :0.24
05/02/2018-Watford-Chelsea, O_Home:1.52025, D_Home:1.32525, O_Away:2.29611, D_Away:0.78595, Rest Home4, Rest Away4, Win :0.19, Draw :0.22
10/02/2018-Everton-Crystal Palace, O_Home:1.45094, D_Home:1.31992, O_Away:1.55828, D_Away:1.14389, Rest Home6, Rest Away5, Win :0.38, Draw :0.27
10/02/2018-Man City-Leicester, O_Home:2.87865, D_Home:0.67839, O_Away:1.62653, D_Away:1.11336, Rest Home7, Rest Away7, Win :0.81, Draw :0.13
10/02/2018-Stoke-Brighton, O_Home:1.36714, D_Home:1.39488, O_Away:1.14833, D_Away:1.23601, Rest Home6, Rest Away6, Win :0.46, Draw :0.29
10/02/2018-Swansea-Burnley, O_Home:1.15351, D_Home:1.16942, O_Away:1.26929, D_Away:0.99208, Rest Home3, Rest Away7, Win :0.36, Draw :0.34
10/02/2018-Tottenham-Arsenal, O_Home:2.43824, D_Home:0.7172, O_Away:2.64265, D_Away:1.07173, Rest Home2, Rest Away6, Win :0.54, Draw :0.22
10/02/2018-West Ham-Watford, O_Home:1.51718, D_Home:1.38939, O_Away:1.64412, D_Away:1.28472, Rest Home6, Rest Away4, Win :0.4, Draw :0.25
11/02/2018-Huddersfield-Bournemouth, O_Home:0.96078, D_Home:1.33754, O_Away:1.59448, D_Away:1.27247, Rest Home4, Rest Away7, Win :0.28, Draw :0.29
11/02/2018-Newcastle-Man United, O_Home:1.30302, D_Home:1.30227, O_Away:2.11175, D_Away:0.85028, Rest Home6, Rest Away7, Win :0.19, Draw :0.24
11/02/2018-Southampton-Liverpool, O_Home:1.5252